date,steps,distance,runDistance,calories
2017-04-27,5321,3910,109,150
2017-04-28,6922,4849,440,173
2017-04-29,2463,1667,209,67
2017-04-30,1207,831,173,34
2017-05-01,7314,5056,262,175
2017-05-02,4080,2989,230,112
2017-05-03,7025,5233,715,204
2017-05-04,8794,6259,554,233
2017-05-05,5728,4129,322,152
2017-05-06,3992,2924,350,113
2017-05-07,5152,3711,396,139
2017-05-08,9396,6722,534,242
2017-05-09,8210,5994,531,223
2017-05-10,6093,4513,714,179
2017-05-11,10007,7063,617,251
2017-05-12,9682,6927,366,248
2017-05-13,7889,5879,282,215
2017-05-14,4628,3323,318,127
2017-05-15,8613,6087,640,212
2017-05-16,16717,12126,1946,453
2017-05-17,15486,11184,1355,400
2017-05-18,14968,10850,821,382
2017-05-19,10382,7396,537,256
2017-05-20,7942,5757,640,207
2017-05-21,5074,3618,247,132
2017-05-22,7731,5507,426,199
2017-05-23,10010,7176,828,259
2017-05-24,9456,6827,422,239
2017-05-25,6727,4917,493,175
2017-05-26,6749,4942,814,188
2017-05-27,5868,4249,301,158
2017-05-28,7022,4926,320,173
2017-05-29,3205,2289,273,90
2017-05-30,6574,4588,201,159
2017-05-31,7423,5347,815,206
2017-06-01,5777,4138,350,150
2017-06-02,6688,4965,324,182
2017-06-03,6400,4709,264,174
2017-06-04,4757,3337,299,116
2017-06-05,0,0,0,0
2017-06-06,0,0,0,0
2017-06-07,3678,2555,201,92
2017-06-08,6371,4515,405,162
2017-06-09,5143,3713,308,140
2017-06-10,5848,4229,355,158
2017-06-11,5707,4333,374,172
2017-06-12,6837,4996,473,192
2017-06-13,5706,4104,579,153
2017-06-14,7241,5164,529,197
2017-06-15,2015,1447,157,55
2017-06-16,5240,3692,381,140
2017-06-17,4699,3397,186,130
2017-06-18,7888,5467,349,189
2017-06-19,6670,4667,474,170
2017-06-20,4856,3346,356,125
2017-06-21,6577,4749,519,182
2017-06-22,5273,3725,383,136
2017-06-23,6395,4675,455,179
2017-06-24,5336,3893,441,149
2017-06-25,3495,2376,435,96
2017-06-26,5122,3530,298,132
2017-06-27,7269,5186,398,192
2017-06-28,6863,4959,412,186
2017-06-29,5673,4096,239,152
2017-06-30,6915,5001,533,185
2017-07-01,5942,4216,528,153
2017-07-02,5567,3917,453,142
2017-07-03,5982,4260,543,155
2017-07-04,6825,5047,432,196
2017-07-05,5321,3821,541,141
2017-07-06,9147,6573,599,240
2017-07-07,4275,3247,417,129
2017-07-08,6161,4426,520,158
2017-07-09,4763,3363,370,124
2017-07-10,6271,4513,553,161
2017-07-11,7035,5022,292,183
2017-07-12,6439,4613,564,168
2017-07-13,6284,4583,544,171
2017-07-14,7458,5400,553,200
2017-07-15,8109,5865,224,208
2017-07-16,5517,3898,354,142
2017-07-17,5564,4000,652,154
2017-07-18,6314,4501,467,159
2017-07-19,6424,4602,722,172
2017-07-20,3852,2795,311,106
2017-07-21,5384,3794,382,141
2017-07-22,4476,3236,369,125
2017-07-23,6201,4545,606,173
2017-07-24,6144,4418,568,166
2017-07-25,3405,2361,328,95
2017-07-26,699,465,114,22
2017-07-27,0,0,0,0
2017-07-28,0,0,0,0
2017-07-29,0,0,0,0
2017-07-30,0,0,0,0
2017-07-31,0,0,0,0
2017-08-01,0,0,0,0
2017-08-02,0,0,0,0
2017-08-03,0,0,0,0
2017-08-15,1107,774,73,28
2017-08-16,6730,4797,370,170
2017-08-17,5164,3683,189,131
2017-08-18,5358,3712,382,136
2017-08-19,5513,4043,251,141
2017-08-20,5749,4040,350,146
2017-08-21,4498,3244,441,122
2017-08-22,5126,3648,373,133
2017-08-23,1508,1003,128,39
2017-08-24,3548,2426,241,85
2017-09-09,883,636,72,23
2017-09-10,5261,3680,356,130
2017-09-11,9183,6537,404,228
2017-09-12,6132,4357,486,162
2017-09-13,5751,4254,247,159
2017-09-14,7901,5616,635,200
2017-09-15,6157,4430,365,164
2017-09-16,4667,3377,239,126
2017-09-17,7256,5195,272,183
2017-09-18,8017,5845,444,211
2017-09-19,5697,4081,217,149
2017-09-20,8326,6026,490,219
2017-09-21,7216,5135,271,180
2017-09-22,6133,4556,373,167
2017-09-23,5866,4430,270,165
2017-09-24,5236,3796,275,140
2017-09-25,6956,5029,560,181
2017-09-26,6684,4844,400,171
2017-09-27,6900,4850,507,173
2017-09-28,8183,6003,484,218
2017-09-29,6014,4463,325,166
2017-09-30,3793,2562,413,92
2017-10-01,254,169,36,9
2017-10-02,0,0,0,0
2017-10-03,2643,1792,244,66
2017-10-04,655,475,120,18
2017-10-05,6219,4514,419,168
2017-10-06,4260,3118,280,117
2017-10-07,2212,1742,101,68
2017-10-08,0,0,0,0
2017-10-09,0,0,0,0
2017-10-10,0,0,0,0
2017-10-11,0,0,0,0
2017-10-12,0,0,0,0
2017-10-13,0,0,0,0
2017-10-14,0,0,0,0
2017-10-15,0,0,0,0
2017-10-16,0,0,0,0
2017-10-17,0,0,0,0
2017-10-18,0,0,0,0
2017-10-19,14,9,0,1
2017-12-24,1099,840,73,34
2017-12-25,6240,4514,553,172
2017-12-26,8311,6131,1181,244
2017-12-27,6304,4657,446,179
2017-12-28,6479,4722,458,178
2017-12-29,5163,3795,252,146
2017-12-30,10366,7688,390,277
2017-12-31,1802,1233,79,42
2018-01-01,0,0,0,0
2018-01-02,7596,5500,371,201
2018-01-03,6608,4917,377,179
2018-01-04,1503,1071,94,40
2018-01-05,6267,4601,539,173
2018-01-06,3784,2924,661,127
2018-01-07,1041,775,190,31
2018-01-08,0,0,0,0
2018-01-09,2558,1944,158,72
2018-01-10,3110,2372,241,91
2018-01-11,3731,2756,322,108
2018-01-12,6198,4591,520,178
2018-01-13,6470,4853,629,191
2018-01-14,5691,4125,226,160
2018-01-15,3279,2431,248,93
2018-01-16,970,706,54,25
2018-01-17,0,0,0,0
2018-01-18,0,0,0,0
2018-01-19,870,666,158,28
2018-01-20,0,0,0,0
2018-01-21,0,0,0,0
2018-01-22,0,0,0,0
2018-01-23,0,0,0,0
2018-01-24,0,0,0,0
2018-01-25,3050,2230,300,84
2018-01-26,5044,3835,397,144
2018-01-27,4054,3123,353,128
2018-01-28,2524,1914,294,76
2018-01-29,0,0,0,0
2018-01-30,800,591,113,22
2018-01-31,4197,3053,402,118
2018-02-01,4481,3275,356,127
2018-02-02,10065,7646,506,298
2018-02-03,7663,5819,890,233
2018-02-04,0,0,0,0
2018-02-05,0,0,0,0
2018-02-06,0,0,0,0
2018-04-12,3618,2520,177,85
2018-04-13,5705,4131,320,152
2018-04-14,6171,4404,395,156
2018-04-15,3106,2231,182,79
2018-04-16,7201,5182,255,182
2018-04-17,6213,4734,1287,198
2018-04-18,8345,6333,1534,260
2018-04-19,10910,8189,1171,321
2018-04-20,5876,4208,379,147
2018-04-21,6198,4585,436,170
2018-04-22,7117,5099,287,181
2018-04-23,6453,4701,329,172
2018-04-24,6029,4493,353,169
2018-04-25,5312,3824,250,140
2018-04-26,7862,5901,1185,240
2018-04-27,7001,5359,1377,231
2018-04-28,7506,5685,1359,233
2018-04-29,5502,4016,512,152
2018-04-30,14308,10272,693,358
2018-05-01,5681,3959,609,149
2018-05-02,13017,9832,1491,382
2018-05-03,8533,6246,503,236
2018-05-04,7433,5436,459,203
2018-05-05,6281,4545,327,171
2018-05-06,5807,4285,325,160
2018-05-07,7226,5324,346,196
2018-05-08,7459,5373,561,200
2018-05-09,7864,5775,426,209
2018-05-10,5462,3863,447,136
2018-08-28,3986,2901,204,104
2018-08-29,8036,5665,516,199
2018-08-30,7039,5090,383,177
2018-08-31,10035,7323,542,267
2018-09-01,3890,2817,160,106
2018-09-02,8730,6320,490,235
2018-09-03,8331,5943,386,216
2018-09-04,7495,5384,336,188
2018-09-05,7767,5715,311,212
2018-09-06,6984,5180,207,196
2018-09-07,8086,5910,509,218
2018-09-08,7313,5381,511,200
2018-09-09,9161,6463,583,240
2018-09-10,11641,8885,1724,356
2018-09-11,8187,6138,1305,252
2018-09-12,8639,6329,581,240
2018-09-13,9774,7197,645,271
2018-09-14,7286,5249,361,193
2018-09-15,7045,5121,345,195
2018-09-16,9652,7111,508,271
2018-09-17,10357,7712,1602,303
2018-09-18,10599,7997,1414,318
2018-09-19,5894,4290,369,160
2018-09-20,5586,4042,445,157
2018-09-21,7369,5327,473,198
2018-09-22,6628,4893,415,189
2018-09-23,6349,4551,402,168
2018-09-24,4898,3461,338,125
2018-09-25,4816,3573,417,136
2018-09-26,5202,3713,454,138
2018-09-27,5412,3893,484,152
2018-09-28,6857,4985,336,185
2018-09-29,4806,3505,501,137
2018-09-30,5969,4479,484,175
2018-10-01,2040,1379,222,57
2018-10-02,5003,3508,593,139
2018-10-03,6056,4417,547,167
2018-10-04,6722,5055,499,196
2018-10-05,9437,7118,560,272
2018-10-06,7777,5829,487,220
2018-10-07,10430,7632,509,279
2018-10-08,8302,6110,674,235
2018-10-09,12848,9695,2267,396
2018-10-10,7536,5673,1057,235
2018-10-11,8775,6669,1219,267
2018-10-12,8727,6511,473,234
2018-10-13,6439,4713,723,179
2018-10-14,8366,6068,405,219
2018-10-15,13241,9812,1679,381
2018-10-16,13323,10005,1756,397
2018-10-17,9392,7161,417,276
2018-10-18,9692,7078,837,261
2018-10-19,8001,5935,582,230
2018-10-20,9025,6625,982,248
2018-10-21,10922,7956,524,289
2018-10-22,12525,9568,2344,398
2018-10-23,9093,6603,693,245
2018-10-24,5796,4284,348,168
2018-10-25,8954,6541,749,245
2018-10-26,7371,5467,605,203
2018-10-27,4823,3479,503,136
2018-10-28,7760,5772,219,214
2018-10-29,12048,8826,855,329
2018-10-30,18045,13566,3214,541
2018-10-31,7534,5495,525,207
2018-11-01,4519,3402,318,131
2018-11-02,6471,4816,474,189
2018-11-03,7292,5366,746,212
2018-11-04,6622,4950,458,187
2018-11-05,11299,8705,2346,374
2018-11-06,11859,8934,2156,372
2018-11-07,8338,6097,909,236
2018-11-08,9325,6959,1062,274
2018-11-09,8069,5837,596,216
2018-11-10,8741,6246,621,228
2018-11-11,13470,9830,399,360
2018-11-12,7347,5417,414,203
2018-11-13,8225,6058,735,227
2018-11-14,7952,5731,442,208
2018-11-15,8312,6049,326,224
2018-11-16,11421,8494,739,324
2018-11-17,6371,4768,396,182
2018-11-18,5203,3725,347,132
2018-11-23,4606,3341,304,124
2018-11-24,1896,1266,175,50
2018-11-25,8928,6559,428,241
2018-11-26,10426,7462,682,269
2018-11-27,7043,5070,793,189
2018-11-28,6638,4795,513,181
2018-11-29,8700,6298,513,226
2018-11-30,9424,7001,1025,258
2018-12-01,4798,3558,1005,145
2018-12-02,10435,7841,742,293
2018-12-03,12110,9059,1172,339
2018-12-04,12707,9593,1847,377
2018-12-05,6980,5084,662,186
2018-12-06,7090,5312,905,215
2018-12-07,5725,4227,670,161
2018-12-08,6634,4897,993,193
2018-12-09,9032,6755,849,259
2018-12-10,13584,10155,1903,406
2018-12-11,11954,8752,1623,336
2018-12-12,8531,6234,1224,246
2018-12-13,8586,6240,807,234
2018-12-14,12613,9538,873,369
2018-12-15,6149,4465,1024,174
2018-12-16,10046,7384,593,280
2018-12-17,11475,8415,1430,321
2018-12-18,9365,7035,721,270
2018-12-19,9165,6748,632,250
2018-12-20,9122,6541,732,236
2018-12-21,6680,4837,895,189
2018-12-22,9577,6911,855,258
2018-12-23,9177,6969,344,265
2018-12-24,5070,3830,286,146
2018-12-25,5151,3757,713,146
2018-12-26,6448,4802,737,192
2018-12-27,5916,4477,913,187
2018-12-28,7613,5669,893,224
2018-12-29,9573,7200,1171,286
2018-12-30,1228,817,182,33
2018-12-31,5797,4246,126,154
2019-01-01,9879,7221,652,266
2019-01-02,6795,5147,1238,212
2019-01-03,6576,4811,964,192
2019-01-04,7945,6068,1337,252
2019-01-05,6276,4624,764,177
2019-01-06,7212,5270,601,200
2019-01-07,12074,8920,1349,337
2019-01-08,10874,8047,1150,305
2019-01-09,7970,5806,1146,218
2019-01-10,6678,5012,484,199
2019-01-11,7400,5363,535,196
2019-01-12,6779,4918,1208,194
2019-01-13,9143,6730,736,252
2019-01-14,6294,4710,699,183
2019-01-15,5805,4225,805,169
2019-01-16,6343,4689,791,185
2019-01-17,6371,4782,692,189
2019-01-18,6894,5071,1097,199
2019-01-19,6026,4544,1086,185
2019-01-20,5742,4222,671,166
2019-01-21,7014,5141,1152,208
2019-01-22,7057,5236,1177,209
2019-01-23,6724,5057,993,199
2019-01-24,7336,5361,1078,209
2019-01-25,9514,7049,969,271
2019-01-26,9693,7376,1006,288
2019-01-27,8464,6172,691,220
2019-01-28,5666,4161,953,169
2019-01-29,6995,5177,887,199
2019-01-30,6711,4893,1134,193
2019-01-31,8669,6502,906,254
2019-02-01,2625,1800,235,67
2019-02-02,2425,1714,168,68
2019-02-03,3188,2429,517,105
2019-02-04,9304,7147,289,277
2019-02-05,20721,15677,406,577
2019-02-06,5455,4192,183,172
2019-02-07,21,14,0,1
2019-02-09,0,0,0,0
2019-02-10,4666,3449,570,140
2019-02-11,6725,5040,847,193
2019-02-12,7162,5281,578,199
2019-02-13,5281,3946,940,161
2019-02-14,6180,4660,381,184
2019-02-15,6459,4801,406,181
2019-02-16,5114,3726,360,137
2019-02-17,5813,4408,623,174
2019-02-18,4149,3058,452,118
2019-02-19,0,0,0,0
2019-02-20,4036,3052,551,125
2019-02-21,7558,5548,712,210
2019-02-22,7757,5722,873,225
2019-02-23,8890,6555,669,244
2019-02-24,12236,9300,790,354
2019-02-25,13526,10059,1053,381
2019-02-26,7694,5801,787,231
2019-02-27,4713,3504,402,133
2019-02-28,8596,6478,443,246
2019-03-01,9147,6691,836,256
2019-03-02,10021,7405,953,281
2019-03-03,12370,9029,824,328
2019-03-04,11371,8459,1611,326
2019-03-05,10145,7588,1147,296
2019-03-06,7344,5387,635,206
2019-03-07,8230,6069,545,233
2019-03-08,6473,4896,941,199
2019-03-09,8964,6641,827,248
2019-03-10,4939,3643,176,130
2019-03-11,11450,8485,1093,326
2019-03-12,5482,4111,432,158
2019-03-13,66,44,0,1
2019-03-14,5228,3824,358,143
2019-03-15,8734,6490,745,243
2019-03-16,8149,6118,206,228
2019-03-17,8464,6274,428,236
2019-03-18,9720,7145,990,270
2019-03-19,9325,6896,417,255
2019-03-20,5622,4206,537,162
2019-03-21,5173,3811,444,150
2019-03-22,6400,4689,881,186
2019-03-23,5039,3750,469,143
2019-03-24,6154,4459,293,166
2019-03-25,8230,5968,537,222
2019-03-26,6576,4864,502,188
2019-03-27,6060,4445,433,170
2019-03-28,7216,5268,515,200
2019-03-29,5045,3649,395,133
2019-03-30,5489,4092,546,158
2019-03-31,8348,6094,655,231
2019-04-01,12521,9037,680,324
2019-04-02,8241,6171,639,237
2019-04-03,5012,3602,381,139
2019-04-04,5995,4486,360,164
2019-04-05,6894,5141,219,182
2019-04-06,3293,2371,295,89
2019-04-07,5953,4299,379,159
2019-04-08,9375,6842,628,248
2019-04-09,6393,4710,431,180
2019-04-10,6252,4534,504,165
2019-04-11,7821,5706,415,215
2019-04-12,5508,4055,385,154
2019-04-13,5945,4469,629,181
2019-04-14,6522,4777,564,178
2019-04-15,8356,6150,505,223
2019-04-16,7474,5443,616,205
2019-04-17,5709,4108,597,151
2019-04-18,8050,5863,634,216
2019-04-19,7694,5748,367,215
2019-04-20,9792,7283,635,271
2019-04-21,8125,6155,468,230
2019-04-22,8491,6164,463,221
2019-04-23,6705,4883,272,177
2019-04-24,6491,4723,503,174
2019-04-25,6284,4608,321,169
2019-04-26,5423,4043,159,148
2019-04-27,8308,6179,383,226
2019-04-28,7171,5195,379,188
2019-04-29,10319,7565,739,277
2019-04-30,6826,5054,215,190
2019-05-01,6927,5143,125,188
2019-05-02,4493,3316,232,126
2019-05-03,6737,4995,442,184
2019-05-04,6342,4554,395,166
2019-05-05,8286,6233,689,238
2019-05-06,7679,5667,550,217
2019-05-07,6916,5084,432,192
2019-05-08,6331,4640,403,179
2019-05-09,9351,6784,435,249
2019-05-10,8066,5834,664,217
2019-05-11,11294,8264,647,300
2019-05-12,6353,4592,425,164
2019-05-13,6115,4573,199,172
2019-05-14,7719,5673,513,217
2019-05-15,10758,7885,882,290
2019-05-16,12194,8858,861,315
2019-05-17,7403,5313,279,196
2019-05-18,8480,6485,427,254
2019-05-19,11742,8742,556,326
2019-05-20,7220,5362,496,208
2019-05-21,15752,11788,1202,433
2019-05-22,9760,7060,742,253
2019-05-23,7412,5351,407,197
2019-05-24,7285,5276,513,201
2019-05-25,7155,5237,561,196
2019-05-26,8724,6486,836,253
2019-05-27,9764,7175,754,269
2019-05-28,10133,7529,724,284
2019-05-29,6950,5152,521,197
2019-05-30,7318,5440,688,209
2019-05-31,5597,4110,305,152
2019-06-01,14739,10708,591,395
2019-06-02,8673,6269,256,227
2019-06-03,10396,7728,607,282
2019-06-04,8086,5947,657,229
2019-06-05,8502,6282,691,238
2019-06-06,5052,3824,237,145
2019-06-07,0,0,0,0
2019-06-08,0,0,0,0
2019-06-09,4884,3382,374,129
2019-06-10,2534,1693,209,61
2019-06-11,1301,866,181,40
2019-06-12,1555,1043,216,47
2019-06-13,1757,1169,184,49
2019-06-14,1337,889,193,39
2019-06-15,1779,1184,177,45
2019-06-16,897,597,101,27
2019-06-17,2413,1716,135,63
2019-06-18,2138,1455,131,52
2019-06-19,1075,715,166,29
2019-06-20,1051,699,91,28
2019-06-21,1806,1205,222,52
2019-06-22,919,616,164,31
2019-10-02,0,0,0,0
2019-10-06,6894,5186,237,193
2019-10-07,12843,9490,581,347
2019-10-08,8813,6683,277,258
2019-10-09,20,13,6,1
2019-10-11,5019,3696,163,136
2019-10-12,3609,2841,977,133
2019-10-13,0,0,0,0
2019-10-14,0,0,0,0
2019-10-15,0,0,0,0
2019-10-16,0,0,0,0
2019-10-19,15597,11498,646,425
2019-10-20,8433,6353,247,241
2019-10-21,13456,10095,2163,417
2019-10-22,3331,2448,34,92
2019-10-23,10372,7596,494,290
2019-10-24,7666,5674,1069,231
2019-10-25,11168,8555,634,325
2019-10-26,3605,2715,109,102
2019-10-27,7498,5570,309,205
2019-10-28,15768,11519,1043,415
2019-10-29,12278,8889,581,325
2019-10-30,9968,7488,473,294
2019-10-31,11508,8692,659,341
2019-11-01,9917,7438,356,286
2019-11-02,5065,3530,238,130
2019-11-03,5776,4280,298,164
2019-11-04,9468,6887,311,256
2019-11-05,8204,6139,987,250
2019-11-06,17202,12952,767,489
2019-11-07,7510,5650,450,218
2019-11-08,6054,4425,291,171
2019-11-09,7812,5566,350,202
2019-11-10,5338,3921,305,151
2019-11-11,12393,8964,939,328
2019-11-12,6143,4645,479,184
2019-11-13,17180,12948,1656,510
2019-11-14,9627,6938,833,257
2019-11-15,7368,5362,286,202
2019-11-16,18745,14162,1520,558
2019-11-17,18694,13297,944,478
2019-11-18,20187,14839,3588,598
2019-11-19,11778,8799,721,336
2019-11-20,18657,13764,1458,521
2019-11-21,12678,9296,924,347
2019-11-22,25160,20444,7880,986
2019-11-23,14824,11040,855,404
2019-11-24,9612,7005,1186,275
2019-11-25,9677,6939,724,255
2019-11-26,13671,10365,730,398
2019-11-27,11597,8498,1527,328
2019-11-28,8945,6685,963,269
2019-11-29,6789,4991,479,204
2019-11-30,5613,4328,119,170
2019-12-01,6874,5110,524,201
2019-12-02,14263,10380,1009,394
2019-12-03,9141,7029,683,273
2019-12-04,12009,8869,1017,338
2019-12-05,7795,5676,783,217
2019-12-06,6156,4536,102,161
2019-12-07,6895,4995,211,180
2019-12-08,7838,5833,270,218
2019-12-09,11033,8223,1231,320
2019-12-10,9135,6831,928,270
2019-12-11,9327,6868,724,260
2019-12-12,9259,6946,595,282
2019-12-13,309,206,0,7
2019-12-15,3871,2936,146,114
2019-12-16,10505,7739,913,292
2019-12-17,8277,6150,160,226
2019-12-18,7581,5736,555,223
2019-12-19,9959,7546,965,309
2019-12-20,11338,8425,443,324
2019-12-21,8630,6272,372,236
2019-12-22,9817,7368,360,280
2019-12-23,14063,10514,1033,405
2019-12-24,7141,5355,704,212
2019-12-25,7378,5480,339,206
2019-12-26,8296,6389,327,254
2019-12-27,4479,3364,184,126
2019-12-28,841,566,46,19
2019-12-29,10787,7853,697,286
2019-12-30,9236,6819,649,258
2019-12-31,8086,6179,582,242
2020-01-01,9059,6647,272,243
2020-01-02,6453,4801,288,182
2020-01-03,5828,4319,169,158
2020-01-04,3967,2918,214,113
2020-01-05,4387,3161,250,116
2020-01-06,6883,5119,193,193
2020-01-07,3256,2439,308,99
2020-01-08,4022,2844,319,111
2020-01-09,1809,1203,134,49
2020-01-10,2804,2005,149,82
2020-01-11,1913,1444,165,60
2020-01-12,3454,2405,264,87
2020-01-13,5646,4283,209,168
2020-01-14,8666,6721,244,274
2020-01-15,0,0,0,0
2020-01-16,0,0,0,0
2020-01-17,0,0,0,0
2020-01-18,0,0,0,0
2020-06-16,2070,1515,141,62
2020-06-17,2802,2025,209,89
2020-06-18,3506,2513,156,100
2020-06-19,2691,1919,188,74
2020-06-20,3064,2162,287,87
2020-06-21,179,119,6,4
2020-06-22,1656,1102,193,45
2020-06-23,3485,2395,268,90
2020-06-24,2636,1791,252,68
2020-06-25,1240,829,225,37
2020-06-26,2336,1631,132,66
2020-06-27,7332,5026,430,182
2020-06-28,2987,2109,256,84
2020-06-29,2851,2038,295,81
2020-06-30,1458,976,225,46
2020-07-01,2652,1876,226,77
2020-07-02,3572,2501,365,101
2020-07-03,3335,2345,242,92
2020-07-04,2235,1619,135,63
2020-07-05,2082,1434,149,58
2020-07-06,2981,2015,178,79
2020-07-07,2584,1758,157,66
2020-07-08,5214,3663,277,137
2020-07-09,7561,5401,384,198
2020-07-10,6585,4720,241,173
2020-07-11,3648,2537,221,95
2020-07-12,11994,8402,740,310
2020-07-13,0,0,0,0
2020-07-14,112,75,14,4
2020-07-15,6813,4982,202,186
2020-07-16,6858,4855,194,171
2020-07-17,5612,4103,292,154
2020-07-18,7882,5603,242,200
2020-07-19,5647,4018,245,146
2020-07-20,3480,2374,272,88
2020-07-21,7445,5327,362,195
2020-07-22,8589,6228,381,227
2020-07-23,3495,2484,176,98
2020-07-24,6699,4771,234,172
2020-07-25,3238,2235,225,92
2020-07-26,3495,2449,319,104
2020-07-27,7064,5114,321,190
2020-07-28,10522,7573,295,276
2020-07-29,3357,2311,155,83
2020-07-30,3756,2653,262,106
2020-07-31,1997,1502,178,67
2020-08-01,2853,1948,211,81
2020-08-02,2305,1595,193,62
2020-08-03,6162,4283,235,151
2020-08-04,8959,6398,260,230
2020-08-05,3590,2617,156,109
2020-08-06,10281,7263,365,261
2020-08-07,3213,2218,219,88
2020-08-08,3427,2443,180,95
2020-08-09,6816,4777,465,182
2020-08-10,1505,1002,149,39
2020-08-11,845,562,124,29
2020-08-12,5521,3992,322,154
2020-08-13,5374,3809,227,140
2020-08-29,890,592,98,19
2020-08-30,7169,5262,246,198
2020-08-31,7824,5980,293,230
2020-09-01,3715,2741,290,108
2020-09-02,5553,4176,251,163
2020-09-03,5313,4081,641,171
2020-09-04,7098,5316,217,197
2020-09-05,5607,4164,391,157
2020-09-06,3381,2570,198,105
2020-09-07,6484,4849,312,180
2020-09-08,7543,5739,372,219
2020-09-09,9698,7298,1748,313
2020-09-10,5296,4001,296,151
2020-09-11,6080,4612,258,176
2020-09-12,2287,1674,112,67
2020-09-13,4809,3616,250,138
2020-09-14,6170,4630,259,174
2020-09-15,4958,3783,142,148
2020-09-16,6706,5229,302,208
2020-09-17,4692,3590,198,143
2020-09-18,6254,4593,179,167
2020-09-19,4572,3325,275,120
2020-09-20,2653,2058,49,81
2020-09-21,5285,4040,136,158
2020-09-22,3832,2788,252,105
2020-09-23,6823,5088,608,190
2020-09-24,3825,2814,225,108
2020-09-25,5103,3918,171,156
2020-09-26,5462,4198,229,168
2020-09-27,3969,2994,97,118
2020-09-28,5146,3917,108,146
2020-09-29,3985,2961,223,113
2020-09-30,9328,6976,744,274
2020-10-01,4688,3283,360,125
2020-10-02,2593,1787,211,70
2020-10-03,4723,3173,363,116
2020-10-04,6243,4222,488,163
2020-10-05,5462,3725,277,136
2020-10-06,6487,4509,481,165
2020-10-07,2235,1487,162,59
2020-10-08,3431,2501,310,97
2020-10-09,0,0,0,0
2020-10-10,6277,4737,118,171
2020-10-11,4973,3782,31,141
2020-10-12,5813,4392,166,171
2020-10-13,3314,2554,174,101
2020-10-14,5788,4439,228,175
2020-10-15,4536,3451,326,136
2020-10-16,6800,5037,203,184
2020-10-17,5832,4549,306,174
2020-10-18,8406,6697,326,253
2020-10-19,5773,4279,215,157
2020-10-20,4088,3073,257,115
2020-10-21,7033,5339,206,199
2020-10-22,5080,3923,253,149
2020-10-23,6176,4623,267,177
2020-10-24,10618,7880,735,293
2020-10-25,4392,3383,432,126
2020-10-26,6782,5176,289,194
2020-10-27,4611,3573,281,133
2020-10-28,7626,5760,979,208
2020-10-29,0,0,0,0
2020-10-30,3647,2718,255,101
2020-10-31,2681,2099,256,83
2020-11-01,8759,6760,359,249
2020-11-02,7350,5646,289,207
2020-11-03,6976,5332,236,200
2020-11-04,11810,9186,585,338
2020-11-05,8012,6322,201,235
2020-11-06,7036,5157,671,191
2020-11-07,3533,2472,339,94
2020-11-08,7074,5006,297,181
2020-11-09,6856,5300,209,194
2020-11-10,6348,4819,493,184
2020-11-11,8328,6530,364,247
2020-11-12,5846,4618,388,173
2020-11-13,5507,4247,302,162
2020-11-14,6426,4807,285,176
2020-11-15,8525,6470,162,237
2020-11-16,3611,2830,65,106
2020-11-17,0,0,0,0
2020-11-18,0,0,0,0
2020-11-19,0,0,0,0
2020-11-20,0,0,0,0
2020-11-21,0,0,0,0
2020-11-22,3593,2681,328,98
2020-11-23,7527,5746,332,212
2020-11-24,7257,5566,375,207
2020-11-25,11201,8567,493,316
2020-11-26,6690,5240,438,195
2020-11-27,6976,5377,261,202
2020-11-28,5783,4437,176,168
2020-11-29,4266,3207,208,119
2020-11-30,7487,5729,444,216
2020-12-01,7868,6104,507,232
2020-12-02,8515,6649,283,249
2020-12-03,8419,6539,557,246
2020-12-04,8223,6494,521,244
2020-12-05,3164,2414,220,89
2020-12-06,6677,5197,419,199
2020-12-07,7570,5762,364,215
2020-12-08,6739,5239,313,196
2020-12-09,11169,8520,630,313
2020-12-10,8729,6872,299,252
2020-12-11,8927,6834,469,250
2020-12-12,1912,1453,204,55
2020-12-13,4046,3070,377,117
2020-12-14,9190,7084,566,262
2020-12-15,8564,6565,366,245
2020-12-16,8702,6717,522,254
2020-12-17,8372,6461,500,240
2020-12-18,8148,6181,617,227
2020-12-19,3261,2476,176,95
2020-12-20,0,0,0,0
2020-12-21,3606,2632,224,98
2020-12-22,5080,3856,407,146
2020-12-23,11545,8775,749,333
2020-12-24,7095,5390,606,200
2020-12-25,9403,7287,557,277
2020-12-26,3649,2678,341,99
2020-12-27,4741,3636,366,137
2020-12-28,7876,6067,506,226
2020-12-29,7045,5431,371,204
2020-12-30,9786,7556,581,283
2020-12-31,9955,7807,456,296
2021-01-01,2102,1579,325,67
2021-01-02,2804,2069,205,79
2021-01-03,341,227,31,11
2021-01-04,4904,3795,408,144
2021-01-05,8983,7009,245,262
2021-01-06,6463,4912,294,185
2021-01-07,6183,4559,447,173
2021-01-08,5342,3756,281,135
2021-01-09,4958,3580,396,133
2021-01-10,4361,3166,256,119
2021-01-11,2957,2139,159,81
2021-01-12,2805,2108,76,79
2021-01-13,4108,3011,231,108
2021-01-14,1322,884,115,34
2021-01-15,4203,3144,236,115
2021-01-16,6179,4693,363,173
2021-01-17,4604,3331,223,127
2021-01-18,3773,2603,230,93
2021-01-19,2709,1902,127,74
2021-01-20,832,554,53,16
2021-01-21,7294,5491,288,208
2021-01-22,3523,2458,158,85
2021-01-23,2483,1737,153,67
2021-01-24,4990,3566,167,129
2021-01-25,6524,4839,177,180
2021-01-26,2023,1351,181,49
2021-01-27,3363,2326,287,88
2021-01-28,9723,7090,308,257
2021-01-29,577,384,35,13
2021-03-08,4907,3742,183,139
2021-03-09,7266,5669,338,213
2021-03-10,12094,9088,603,340
2021-03-11,6338,4928,238,190
2021-03-12,12541,9492,360,352
2021-03-13,2036,1471,117,54
2021-03-14,3033,2265,119,85
2021-03-15,6549,4979,317,190
2021-03-16,9973,7788,529,291
2021-03-17,9473,7069,550,258
2021-03-18,7152,5482,518,213
2021-03-19,4994,3848,252,143
2021-03-20,852,572,140,24
2021-03-21,6596,4883,393,182
2021-03-22,6099,4607,409,175
2021-03-23,9115,7033,401,260
2021-03-24,9418,6894,431,253
2021-03-25,6699,5194,279,192
2021-03-26,4238,3291,203,120
2021-03-27,3928,2891,298,106
2021-03-28,4541,3425,277,130
2021-03-29,5013,3736,273,138
2021-03-30,9136,7051,589,270
2021-03-31,7554,5803,506,213
2021-04-01,6622,5010,564,190
2021-04-02,8121,5816,525,213
2021-04-03,5390,3710,377,140
2021-04-04,4580,3118,266,119
2021-04-05,7740,5702,512,211
2021-04-06,9160,7135,419,267
2021-04-07,9393,7034,307,263
2021-04-08,6617,5062,423,192
2021-04-09,4079,3096,317,119
2021-04-10,4040,3028,408,111
2021-04-11,4016,3034,238,115
2021-04-12,5951,4575,252,169
2021-04-13,7542,5833,213,220
2021-04-14,9491,6995,473,248
2021-04-15,6351,4865,384,186
2021-04-16,4597,3534,128,133
2021-04-17,1512,1156,47,46
2021-04-18,4314,3303,85,122
2021-04-19,6368,4807,269,180
2021-04-20,10132,7725,243,281
2021-04-21,11211,8268,338,303
2021-04-22,7252,5403,629,203
2021-04-23,8594,6404,213,239
2021-04-24,4471,3305,247,125
2021-04-25,6313,4846,356,180
2021-04-26,6753,5130,272,190
2021-04-27,7437,5622,239,211
2021-04-28,11412,8232,428,297
2021-04-29,9328,7067,338,264
2021-04-30,7816,5882,253,219
2021-05-01,19400,13721,543,487
2021-05-02,38664,27564,617,1002
2021-05-03,23788,16665,763,598
2021-05-04,6678,4662,305,172
2021-05-05,3954,2774,322,102
2021-05-06,7206,5456,262,207
2021-05-07,4770,3554,397,138
2021-05-08,5925,4458,180,169
2021-05-09,3076,2281,177,85
2021-05-10,7260,5592,401,211
2021-05-11,12134,9411,467,353
2021-05-12,12145,8832,380,314
2021-05-13,8222,6253,416,233
2021-05-14,6978,5251,397,196
2021-05-15,196,130,24,6
2021-05-16,5463,4065,275,156
2021-05-17,10730,7958,572,300
2021-05-18,10920,8254,430,314
2021-05-19,12328,8978,503,334
2021-05-20,8473,6310,329,236
2021-05-21,11835,8648,622,314
2021-05-22,6618,4892,312,180
2021-05-23,4937,3650,73,137
2021-05-24,5185,3958,217,146
2021-05-25,9090,6918,382,263
2021-05-26,8525,6440,383,241
2021-05-27,6227,4818,362,182
2021-05-28,4296,3324,220,128
2021-05-29,6882,5144,144,194
2021-05-30,6210,4593,183,171
2021-05-31,4811,3513,224,130
2021-06-01,8998,6758,305,255
2021-06-02,8645,6471,580,245
2021-06-03,7461,5541,388,213
2021-06-04,8733,6546,521,243
2021-06-05,5279,3906,326,146
2021-06-06,10843,8278,413,308
2021-06-07,8783,6591,424,250
2021-06-08,8940,6824,169,256
2021-06-09,8109,6040,476,230
2021-06-10,5884,4565,413,172
2021-06-11,6715,4858,497,184
2021-06-12,1414,941,157,38
2021-06-13,3944,2807,168,109
2021-06-14,5827,4238,214,155
2021-06-15,7260,5555,302,214
2021-06-16,11748,8993,423,334
2021-06-17,8875,6747,472,254
2021-06-18,9269,6693,623,242
2021-06-19,1572,1046,92,42
2021-06-20,9366,6578,147,240
2021-06-21,6816,4906,379,183
2021-06-22,8445,5982,309,221
2021-06-23,9124,6781,218,246
2021-06-24,7228,5234,258,195
2021-06-25,10456,7529,332,267
2021-06-26,9510,7095,339,267
2021-06-27,6334,4566,180,169
2021-06-28,9010,6524,325,234
2021-06-29,6305,4550,472,172
2021-06-30,8533,6243,507,233
2021-07-01,8301,6101,322,226
2021-07-02,8801,6676,757,256
2021-07-03,6211,4317,381,158
2021-07-04,10869,8150,332,304
2021-07-05,10634,7719,483,287
2021-07-06,8953,6564,274,245
2021-07-07,9130,6722,575,252
2021-07-08,6527,4830,251,181
2021-07-09,4420,3261,224,121
2021-07-10,4113,3044,204,119
2021-07-11,6988,5135,154,194
2021-07-12,1265,870,122,36
2021-07-13,5427,4092,202,153
2021-07-14,3544,2440,252,93
2021-07-15,11873,8518,274,312
2021-07-16,13582,10128,2850,534
2021-07-17,7969,5742,205,214
2021-07-18,8339,5677,275,209
2021-07-19,12656,9614,2802,422
2021-07-20,5934,4072,316,151
2021-07-21,11685,8646,1652,352
2021-07-22,7153,5079,233,186
2021-07-23,2324,1655,164,68
2021-07-24,5083,3467,256,118
2021-07-25,2805,1866,204,68
2021-07-26,15008,12034,5024,587
2021-07-27,6955,4809,302,175
2021-07-28,7126,5138,227,186
2021-07-29,9632,6823,417,247
2021-07-30,5943,4146,259,157
2021-07-31,7336,5065,333,183
2021-08-01,6638,4635,333,166
2021-08-02,5741,4003,489,142
2021-08-03,6247,4301,335,155
2021-08-04,2445,1646,156,65
2021-08-05,6686,4603,348,166
2021-08-06,6366,4472,99,166
2021-08-07,7017,5080,944,208
2021-08-08,8639,6031,392,216
2021-08-09,8528,5938,402,223
2021-08-10,6734,4648,325,168
2021-08-11,6891,4934,456,182
2021-08-12,6571,4577,264,163
2021-08-13,1873,1292,165,51
2021-08-14,4903,3417,237,133
2021-08-15,7122,4846,294,169
2021-08-16,2302,1675,85,61
2021-08-17,2984,2147,81,84
2021-08-18,2067,1527,96,59
2021-08-19,2180,1461,122,55
2021-08-20,9559,6862,232,260
2021-08-21,7849,5717,155,223
2021-08-22,2384,1657,216,65
2021-08-23,3490,2378,227,96
2021-08-24,2312,1576,94,60
2021-08-25,1801,1198,167,52
2021-08-26,2330,1629,224,69
2021-08-27,2425,1669,176,63
2021-08-28,4825,3404,299,127
2021-08-29,2522,1824,93,70
2021-08-30,2598,1791,69,63
2021-08-31,2942,2099,155,81
2021-09-01,1190,792,114,37
2021-09-02,4099,2939,149,115
2021-09-03,4402,3107,169,115
2021-09-04,1223,814,74,28
2021-09-05,6645,4706,359,179
2021-09-06,3793,2754,227,105
2021-09-07,6473,4706,319,178
2021-09-08,4956,3650,240,138
2021-09-09,4264,3201,322,116
2021-09-10,3290,2503,56,93
2021-09-11,844,608,90,24
2021-09-12,4079,3088,59,116
2021-09-13,4796,3401,142,125
2021-09-14,5057,3752,161,138
2021-09-15,5826,4272,208,156
2021-09-16,4281,3164,127,117
2021-09-17,4383,3372,59,125
2021-09-18,3973,2938,181,107
2021-09-19,2873,2104,280,79
2021-09-20,6810,4993,204,180
2021-09-21,3435,2536,242,95
2021-09-22,5283,3881,194,150
2021-09-23,4744,3471,215,125
2021-09-24,3724,2789,184,104
2021-09-25,2834,2063,156,76
2021-09-26,6789,5159,250,189
2021-09-27,4325,3126,147,113
2021-09-28,4838,3603,167,136
2021-09-29,4981,3805,162,143
2021-09-30,6963,4902,386,175
2021-10-01,4818,3364,326,122
2021-10-02,4903,3326,256,126
2021-10-03,9384,6413,563,239
2021-10-04,22310,16245,301,590
2021-10-05,7243,5081,301,186
2021-10-06,751,500,109,25
2021-10-07,2902,1970,206,67
2021-10-08,4972,3769,207,141
2021-10-09,13216,10150,360,383
2021-10-10,1682,1188,100,43
2021-10-11,4219,3230,97,120
2021-10-12,6161,4583,362,175
2021-10-13,5523,4177,201,153
2021-10-14,3769,2819,203,106
2021-10-15,4662,3492,223,130
2021-10-16,3099,2309,119,87
2021-10-17,5877,4547,207,170
2021-10-18,4567,3387,173,128
2021-10-19,5258,3964,210,150
2021-10-20,5982,4540,262,169
2021-10-21,5609,4210,240,157
2021-10-22,4604,3502,283,129
2021-10-23,5304,3998,734,157
2021-10-24,4272,3208,152,117
2021-10-25,4604,3454,457,132
2021-10-26,6190,4743,162,178
2021-10-27,6325,4796,152,181
2021-10-28,4644,3513,86,129
2021-10-29,3774,2854,342,110
2021-10-30,4841,3649,283,139
2021-10-31,5527,4140,396,159
2021-11-01,3729,2773,235,103
2021-11-02,3981,2933,174,106
2021-11-03,7259,5524,392,205
2021-11-04,5029,3809,224,142
2021-11-05,3859,2952,251,117
2021-11-06,3080,2293,396,86
2021-11-07,3157,2314,251,81
2021-11-08,5249,4035,95,156
2021-11-09,5655,4226,135,159
2021-11-10,6884,5234,404,202
2021-11-11,6399,4929,131,185
2021-11-12,3858,2890,234,106
2021-11-13,8547,6389,429,236
2021-11-14,4032,2961,97,104
2021-11-15,5040,3680,436,140
2021-11-16,6380,4643,302,171
2021-11-17,6874,5154,457,194
2021-11-18,4726,3567,280,133
2021-11-19,5238,3976,269,152
2021-11-20,2307,1681,179,65
2021-11-21,5219,3873,156,140
2021-11-22,4065,3067,255,114
2021-11-23,5571,4364,428,165
2021-11-24,8410,6293,629,234
2021-11-25,5030,3873,338,146
2021-11-26,4948,3758,381,138
2021-11-27,8966,6953,428,257
2021-11-28,4117,3104,414,119
2021-11-29,4231,3136,179,118
2021-11-30,6783,5104,477,184
2021-12-01,5874,4439,240,169
2021-12-02,4484,3376,216,124
2021-12-03,4427,3490,111,131
2021-12-04,10804,7989,1325,316
2021-12-05,9159,6886,362,251
2021-12-06,5094,3795,229,139
2021-12-07,6780,4976,354,185
2021-12-08,7237,5494,317,202
2021-12-09,7540,5652,337,208
2021-12-10,8374,6169,344,230
2021-12-11,3153,2445,156,94
2021-12-12,5686,4195,286,157
2021-12-13,4888,3574,232,132
2021-12-14,5684,4287,242,152
2021-12-15,7968,6032,315,222
2021-12-16,5160,3788,236,139
2021-12-17,5378,4034,280,148
2021-12-18,1842,1400,138,51
2021-12-19,7630,5757,390,218
2021-12-20,4949,3723,97,139
2021-12-21,5531,4215,310,153
2021-12-22,6538,4866,97,184
2021-12-23,4673,3506,138,135
2021-12-24,2071,1531,247,58
2021-12-25,7977,5782,280,209
2021-12-26,948,631,131,25
2021-12-27,3860,2638,220,92
2021-12-28,2331,1616,101,58
2021-12-29,3904,2808,250,104
2021-12-30,2687,1871,137,75
2021-12-31,7051,5407,75,196
2022-01-01,1228,819,79,33
2022-01-02,3990,2827,93,102
2022-01-03,7312,5106,102,189
2022-01-04,3857,2900,103,112
2022-01-05,8689,6509,217,241
2022-01-06,7051,5067,264,183
2022-01-07,8124,6010,292,228
2022-01-08,3255,2502,128,89
2022-01-09,3540,2602,123,98
2022-01-10,2764,1966,129,77
2022-01-11,3194,2348,124,90
2022-01-12,5437,4012,249,143
2022-01-13,5715,3944,294,146
2022-01-14,8429,6327,367,236
2022-01-15,2744,1907,109,69
2022-01-16,4021,2749,180,100
2022-01-17,4752,3281,190,116
2022-01-18,15958,11601,657,423
2022-01-19,2511,1794,177,69
2022-01-20,4192,3068,198,113
2022-01-21,4590,3270,291,125
2022-01-22,2915,2097,143,77
2022-01-23,1762,1269,140,52
2022-01-24,571,380,102,20
2022-01-25,5422,4108,352,166
2022-01-26,7605,5942,107,234
2022-01-27,2841,2228,193,95
2022-01-28,1616,1147,162,61
2022-01-29,3647,2745,285,123
2022-01-30,3397,2344,421,112
2022-01-31,3742,2508,459,128
2022-02-01,4643,3305,486,154
2022-02-02,3880,2737,331,128
2022-02-03,3525,2501,325,111
2022-02-04,3477,2431,279,101
2022-02-05,2442,1768,275,81
2022-02-06,458,305,85,19
2022-02-07,577,384,107,29
2022-02-08,8024,5795,176,228
2022-02-09,2953,2128,225,91
2022-02-10,1054,810,109,40
2022-02-11,2367,1659,471,86
2022-02-12,3706,2686,297,127
2022-02-13,1579,1104,177,58
2022-02-14,6849,4976,144,202
2022-02-15,2190,1554,196,73
2022-02-16,1386,922,245,54
2022-02-17,1830,1394,188,68
2022-02-18,1898,1451,147,70
2022-02-19,2800,1966,420,99
2022-02-20,1936,1382,368,70
2022-02-21,2371,1668,163,83
2022-02-22,2698,2036,311,93
2022-02-23,520,346,83,23
2022-02-24,1385,1011,201,60
2022-02-25,2017,1397,304,71
2022-02-26,1501,1089,146,59
2022-02-27,1277,865,285,54
2022-02-28,2682,1987,146,91
2022-03-01,3471,2521,199,106
2022-03-02,3465,2607,313,118
2022-03-03,3051,2231,236,102
2022-03-04,1808,1376,103,67
2022-03-05,3539,2650,148,111
2022-03-06,2862,2112,260,102
2022-03-07,1936,1355,363,75
2022-03-08,2299,1685,139,74
2022-03-09,2911,2090,198,94
2022-03-10,8358,5895,474,271
2022-03-11,2840,1901,265,96
2022-03-12,4217,2964,339,132
2022-03-13,4837,3335,392,154
2022-03-14,5686,4260,140,166
2022-03-15,5674,4296,224,170
2022-03-16,5638,4298,172,164
2022-03-17,5666,4297,296,172
2022-03-18,4988,3735,224,147
2022-03-19,6560,4993,326,194
2022-03-20,4395,3274,154,131
2022-03-21,4171,3154,234,121
2022-03-22,5496,4097,132,164
2022-03-23,4575,3416,116,133
2022-03-24,5127,3895,187,151
2022-03-25,4725,3604,183,148
2022-03-26,3973,2954,220,121
2022-03-27,5405,4161,137,163
2022-03-28,4177,3126,127,120
2022-03-29,5079,3762,117,141
2022-03-30,2080,1529,147,63
2022-03-31,4300,3233,109,127
2022-04-01,3877,2893,143,119
2022-04-02,7334,5448,202,213
2022-04-03,2902,2098,171,84
2022-04-04,2220,1635,166,72
2022-04-05,4177,3111,119,121
2022-04-06,4215,3114,128,121
2022-04-07,3820,2861,85,110
2022-04-08,3558,2666,203,108
2022-04-09,1738,1207,229,54
2022-04-10,4483,3276,215,137
2022-04-11,3827,2849,161,116
2022-04-12,5077,3776,195,153
2022-04-13,3879,2879,95,113
2022-04-14,3933,3018,200,123
2022-04-15,3293,2437,136,97
2022-04-16,4341,3210,97,133
2022-04-17,4959,3709,142,150
2022-04-18,5044,3680,176,141
2022-04-19,5276,3934,220,161
2022-04-20,4906,3611,254,145
2022-04-21,4857,3443,89,135
2022-04-22,4987,3798,258,152
2022-04-23,3210,2354,205,98
2022-04-24,5312,4020,141,158
2022-04-25,3600,2658,188,109
2022-04-26,5681,4263,121,168
2022-04-27,4511,3413,132,137
2022-04-28,6029,4520,287,174
2022-04-29,4494,3231,374,137
2022-04-30,4033,3071,175,133
2022-05-01,462,307,68,22
2022-05-02,537,357,78,21
2022-05-03,5269,3854,399,169
2022-05-04,2345,1646,304,78
2022-05-05,5661,4148,188,158
2022-05-06,7113,5243,149,206
2022-05-07,6444,4737,142,180
2022-05-08,3400,2521,172,105
2022-05-09,3340,2469,258,97
2022-05-10,9854,7312,175,285
2022-05-11,5623,4253,213,164
2022-05-12,6424,4857,227,195
2022-05-13,3199,2403,150,97
2022-05-14,4268,3188,280,132
2022-05-15,5464,4149,315,173
2022-05-16,5652,4262,150,170
2022-05-17,7190,5524,244,225
2022-05-18,4214,3265,237,136
2022-05-19,5739,4319,202,171
2022-05-20,10745,8308,155,323
2022-05-21,4230,3245,144,129
2022-05-22,4732,3583,138,144
2022-05-23,7829,5987,248,234
2022-05-24,7032,5251,147,202
2022-05-25,4175,3085,272,128
2022-05-26,12137,9335,838,359
2022-05-27,5329,4087,247,157
2022-05-28,2619,1884,194,87
2022-05-29,3527,2714,221,114
2022-05-30,5456,4148,184,161
2022-05-31,5102,3927,246,156
2022-06-01,1932,1389,141,59
2022-06-02,4417,3276,108,133
2022-06-03,2054,1470,78,60
2022-06-04,2424,1729,306,78
2022-06-05,3125,2330,168,94
2022-06-06,3855,2780,120,112
2022-06-07,5266,3958,270,161
2022-06-08,3841,2946,97,115
2022-06-09,6643,5121,168,203
2022-06-10,4903,3670,138,148
2022-06-11,7049,5204,125,205
2022-06-12,5125,3793,257,156
2022-06-13,3874,2888,163,114
2022-06-14,5302,3932,120,154
2022-06-15,2105,1520,71,61
2022-06-16,3384,2432,241,105
2022-06-17,2857,2061,188,93
2022-06-18,2474,1832,144,79
2022-06-19,3436,2507,148,107
2022-06-20,3266,2355,184,106
2022-06-21,5349,3882,204,161
2022-06-22,3656,2770,299,122
2022-06-23,2304,1655,170,73
2022-06-24,3544,2567,266,109
2022-06-25,3470,2636,99,103
2022-06-26,3650,2766,132,112
2022-06-27,1891,1377,167,62
2022-06-28,7837,5764,333,223
2022-06-29,3332,2430,128,106
2022-06-30,3751,2764,94,110
2022-07-01,6350,4620,401,190
2022-07-02,1496,1053,188,61
2022-07-03,221,147,70,12
2022-07-04,3127,2305,179,100
2022-07-05,3642,2539,408,121
2022-07-06,12365,9351,169,355
2022-07-07,8247,6093,146,232
2022-07-08,5978,4410,217,181
2022-07-09,873,602,153,36
2022-07-10,2188,1613,112,72
2022-07-11,4806,3539,273,154
2022-07-12,3713,2642,224,111
2022-07-13,4543,3295,385,132
2022-07-14,6413,4833,180,196
2022-07-15,4376,3219,352,129
2022-07-16,693,461,143,31
2022-07-17,810,549,176,36
2022-07-18,7836,5837,183,228
2022-07-19,10321,7717,122,292
2022-07-20,10242,7646,323,298
2022-07-21,10764,8042,84,310
2022-07-22,10775,8089,337,311
2022-07-23,10088,7449,151,282
2022-07-24,8612,6508,137,249
2022-07-25,8000,6085,294,238
2022-07-26,10398,7885,247,309
2022-07-27,11789,8971,242,351
2022-07-28,8276,6460,137,249
2022-07-29,5281,4038,239,162
2022-07-30,428,285,95,21
2022-07-31,1653,1230,215,55
2022-08-01,9434,7132,282,279
2022-08-02,9930,7633,167,289
2022-08-03,6862,5170,241,210
2022-08-04,6788,5131,254,209
2022-08-05,10144,7758,214,295
2022-08-06,7958,5974,201,234
2022-08-07,1430,1011,236,51
2022-08-08,9870,7427,156,283
2022-08-09,12783,9694,240,369
2022-08-10,6722,4983,370,203
2022-08-11,5995,4485,150,182
2022-08-12,5868,4355,162,170
2022-08-13,1929,1408,130,65
2022-08-14,3463,2662,175,113
2022-08-15,6018,4422,204,179
2022-08-16,8011,5978,197,227
2022-08-17,6526,4793,275,203
2022-08-18,858,571,186,41
2022-08-19,3323,2300,251,106
2022-08-20,4171,3102,347,142
2022-08-21,9741,6781,571,273
2022-08-22,6984,4985,505,225
2022-08-23,870,579,148,36
2022-08-24,811,540,140,30
2022-08-25,651,433,139,32
2022-08-26,4638,3556,170,150
2022-08-27,2130,1497,212,79
2022-08-28,2706,2025,203,98
2022-08-29,2065,1530,275,76
2022-08-30,1977,1320,363,82
2022-08-31,2087,1548,215,75
2022-09-01,3991,2920,408,148
2022-09-02,1462,973,234,62
2022-09-03,1528,1043,196,55
2022-09-04,1730,1211,278,69
2022-09-05,6088,4441,433,200
2022-09-06,4700,3411,395,158
2022-09-07,4358,3265,293,154
2022-09-08,3853,2947,203,133
2022-09-09,4357,3243,267,143
2022-09-10,3052,2215,261,105
2022-09-11,5231,3862,196,165
2022-09-12,3938,2936,244,128
2022-09-13,3874,2902,252,130
2022-09-14,3221,2451,249,114
2022-09-15,946,638,185,37
2022-09-16,1003,667,251,52
2022-09-17,1417,943,395,68
2022-09-18,1063,716,274,56
2022-09-19,745,496,149,34
2022-09-20,462,307,131,25
2022-09-21,547,364,173,32
2022-09-22,715,476,165,34
2022-09-23,890,592,157,38
2022-09-24,613,408,141,31
2022-09-25,2754,2030,296,99
2022-09-26,526,350,159,28
2022-09-27,3464,2603,288,123
2022-09-28,4802,3640,189,150
2022-09-29,1751,1282,233,69
2022-09-30,2969,2179,245,105
2022-10-01,3178,2291,192,96
2022-10-02,1992,1406,165,68
2022-10-03,5617,3979,224,158
2022-10-04,2623,1931,210,87
2022-10-05,1259,906,256,56
2022-10-06,1144,823,231,49
2022-10-07,2118,1442,226,77
2022-10-08,1032,732,133,42
2022-10-09,807,537,153,36
2022-10-10,3445,2642,140,112
2022-10-11,4732,3361,402,144
2022-10-12,4885,3778,227,151
2022-10-13,4994,3772,150,152
2022-10-14,1431,1050,152,50
2022-10-15,4623,3615,179,140
2022-10-16,1880,1437,77,58
2022-10-17,2453,1827,130,82
2022-10-18,3145,2331,245,102
2022-10-19,2940,2245,127,89
2022-10-20,4205,3130,221,130
2022-10-21,3710,2744,200,118
2022-10-22,2946,2288,134,96
2022-10-23,989,723,117,36
2022-10-24,3043,2308,91,93
2022-10-25,610,406,128,27
2022-10-26,1242,847,122,41
2022-10-27,1871,1368,243,62
2022-10-28,3753,2834,316,118
2022-10-29,1399,970,211,49
2022-10-30,4584,3451,183,142
2022-10-31,2914,2251,268,99
2022-11-01,3003,2300,117,96
2022-11-02,2838,2137,227,90
2022-11-03,4160,3099,145,124
2022-11-04,1492,1059,120,50
2022-11-05,3737,2779,138,115
2022-11-06,3750,2790,172,117
2022-11-07,4412,3249,383,140
2022-11-08,2295,1751,243,78
2022-11-09,4048,3101,146,129
2022-11-10,413,275,129,22
2022-11-11,2118,1535,126,70
